"Folder","FileCount","SizeMB","LastModified"
"C:\Users\mespindola\Documents\HRM\.obsidian\plugins\obsidian-advanced-slides\plugin\math\mathjax","13","10.23","12/17/2025 3:07:16 PM"
"C:\Users\mespindola\Documents\HR-Audit-BACKUP-20260102-110331\.obsidian\plugins\obsidian-excalidraw-plugin","4","8.28","12/30/2025 10:47:09 AM"
"C:\Users\mespindola\Documents\HR-Audit_OLD_20260102_122927\.obsidian\plugins\obsidian-excalidraw-plugin","4","8.28","12/30/2025 10:47:09 AM"
"C:\Users\mespindola\Documents\HR-Audit_backup_20260102_121735\.obsidian\plugins\obsidian-excalidraw-plugin","4","8.28","12/30/2025 10:47:09 AM"
"C:\Users\mespindola\Documents\HRM\.obsidian\plugins\obsidian-excalidraw-plugin","4","8.27","12/19/2025 3:04:02 PM"
"C:\Users\mespindola\Documents\HRM\PERSONNEL RECORD AUDIT PROJECT\.obsidian\plugins\obsidian-excalidraw-plugin","3","8.25","12/19/2025 2:58:01 PM"
"C:\Users\mespindola\Documents\HRM\.obsidian\plugins\quickadd","4","6.09","12/17/2025 3:06:10 PM"
"C:\Users\mespindola\Documents\HR-Audit_OLD_20260102_122927\.obsidian\plugins\make-md","4","5.57","1/2/2026 12:18:13 PM"
"C:\Users\mespindola\Documents\HR-Audit-BACKUP-20260102-110331\.obsidian\plugins\make-md","4","5.57","1/2/2026 10:36:04 AM"
"C:\Users\mespindola\Documents\HR-Audit_backup_20260102_121735\.obsidian\plugins\make-md","4","5.57","1/2/2026 11:31:28 AM"
"C:\Users\mespindola\Documents\HR-Audit_OLD_20260102_122927\.obsidian\plugins\copilot","4","5.04","1/2/2026 10:33:13 AM"
"C:\Users\mespindola\Documents\HR-Audit_backup_20260102_121735\.obsidian\plugins\copilot","4","5.04","1/2/2026 10:33:13 AM"
"C:\Users\mespindola\Documents\HRM\.obsidian\plugins\copilot","4","5.04","12/29/2025 11:44:32 AM"
"C:\Users\mespindola\Documents\HR-Audit-BACKUP-20260102-110331\.obsidian\plugins\copilot","4","5.04","1/2/2026 10:33:13 AM"
"C:\Users\mespindola\Documents\HRM\.obsidian\plugins\obsidian-markmind","3","3.88","12/17/2025 3:08:12 PM"
"C:\Users\mespindola\Documents\HRM\.obsidian\plugins\obsidian-advanced-slides\plugin\math\mathjax\sre\mathmaps","7","2.61","12/17/2025 3:07:15 PM"
"C:\Users\mespindola\Documents\HRM\.smart-env\multi","46","2.47","12/29/2025 11:44:47 AM"
"C:\Users\mespindola\Documents\HRM\PERSONNEL RECORD AUDIT PROJECT\.obsidian\plugins\dataview","3","2.27","12/19/2025 2:57:44 PM"
"C:\Users\mespindola\Documents\HRM\.obsidian\plugins\obsidian-advanced-slides\plugin\mermaid","3","2.07","12/17/2025 3:07:15 PM"
"C:\Users\mespindola\Documents\HRM\.obsidian\plugins\obsidian-advanced-slides\plugin\highlight","5","1.81","12/17/2025 3:07:15 PM"
"C:\Users\mespindola\Documents\HRM\.obsidian\plugins\obsidian-advanced-slides\dist\theme\fonts\source-sans-pro","14","1.73","12/17/2025 3:07:15 PM"
"C:\Users\mespindola\Documents\HR-Audit_backup_20260102_121735\.obsidian\plugins\obsidian-day-planner","4","1.5","1/2/2026 12:13:53 PM"
"C:\Users\mespindola\Documents\HRM\.obsidian\plugins\obsidian-day-planner","4","1.5","12/29/2025 2:44:35 PM"
"C:\Users\mespindola\Documents\HR-Audit_OLD_20260102_122927\.obsidian\plugins\obsidian-day-planner","4","1.5","1/2/2026 12:28:53 PM"
"C:\Users\mespindola\Documents\HR-Audit-BACKUP-20260102-110331\.obsidian\plugins\obsidian-day-planner","4","1.5","1/2/2026 11:03:16 AM"
"C:\Users\mespindola\Documents\HRM\.obsidian\plugins\obsidian-advanced-slides","4","1.37","12/17/2025 3:07:16 PM"
"C:\Users\mespindola\Documents\HR-Audit_backup_20260102_121735\.obsidian\plugins\obsidian-admonition","4","1.27","1/2/2026 10:33:14 AM"
"C:\Users\mespindola\Documents\HR-Audit-BACKUP-20260102-110331\.obsidian\plugins\obsidian-admonition","4","1.27","1/2/2026 10:33:14 AM"
"C:\Users\mespindola\Documents\HR-Audit_OLD_20260102_122927\.obsidian\plugins\obsidian-admonition","4","1.27","1/2/2026 10:33:14 AM"
"C:\Users\mespindola\Documents\HRM\.obsidian\plugins\dataview","3","1.24","12/17/2025 3:05:17 PM"
"C:\Users\mespindola\Documents\HR-Audit_backup_20260102_121735\.obsidian\plugins\dataview","3","1.24","12/30/2025 10:47:12 AM"
"C:\Users\mespindola\Documents\HR-Audit-BACKUP-20260102-110331\.obsidian\plugins\dataview","3","1.24","12/30/2025 10:47:12 AM"
"C:\Users\mespindola\Documents\HR-Audit_OLD_20260102_122927\.obsidian\plugins\dataview","3","1.24","12/30/2025 10:47:12 AM"
"C:\Users\mespindola\Documents\HRM\.obsidian\plugins\obsidian-advanced-slides\dist","6","1.19","12/17/2025 3:07:15 PM"
"C:\Users\mespindola\Documents\HRM\.obsidian\plugins\obsidian-advanced-slides\dist\fontawesome","1","1.14","12/17/2025 3:07:16 PM"
"C:\Users\mespindola\Documents\obsidian-email-router\.venv\Lib\site-packages\pip\_vendor\distlib","19","1.09","1/8/2026 1:42:20 PM"
"C:\Users\mespindola\Documents\obsidian-email-router\.venv\Lib\site-packages\pip\_vendor\rich\__pycache__","77","1.07","1/8/2026 1:42:33 PM"
"C:\Users\mespindola\Documents\HRM\.obsidian\plugins\obsidian-advanced-slides\plugin\math\mathjax\output\svg\fonts","1","1.02","12/17/2025 3:07:16 PM"
"C:\Users\mespindola\Documents\HRM\PERSONNEL RECORD AUDIT PROJECT\.obsidian\plugins\obsidian-kanban","3","1","12/19/2025 2:57:48 PM"
"C:\Users\mespindola\Documents\HR-Audit-BACKUP-20260102-110331\.obsidian\plugins\obsidian-kanban","3","1","12/30/2025 10:47:39 AM"
"C:\Users\mespindola\Documents\HRM\.obsidian\plugins\obsidian-kanban","3","1","12/17/2025 3:05:46 PM"
"C:\Users\mespindola\Documents\HR-Audit_OLD_20260102_122927\.obsidian\plugins\obsidian-kanban","3","1","12/30/2025 10:47:39 AM"
"C:\Users\mespindola\Documents\HR-Audit_backup_20260102_121735\.obsidian\plugins\obsidian-kanban","3","1","12/30/2025 10:47:39 AM"
"C:\Users\mespindola\Documents\HR-Audit_backup_20260102_121735\.obsidian\plugins\obsidian-mind-map","2","0.97","12/30/2025 10:49:05 AM"
"C:\Users\mespindola\Documents\HR-Audit_OLD_20260102_122927\.obsidian\plugins\obsidian-mind-map","2","0.97","12/30/2025 10:49:05 AM"
"C:\Users\mespindola\Documents\HR-Audit-BACKUP-20260102-110331\.obsidian\plugins\obsidian-mind-map","2","0.97","12/30/2025 10:49:05 AM"
"C:\Users\mespindola\Documents\HRM\.obsidian\plugins\obsidian-mind-map","2","0.97","12/17/2025 3:07:30 PM"
"C:\Users\mespindola\Documents\HR-Audit_backup_20260102_121735\.obsidian\plugins\smart-connections","3","0.9","12/30/2025 10:48:58 AM"
"C:\Users\mespindola\Documents\HR-Audit-BACKUP-20260102-110331\.obsidian\plugins\smart-connections","3","0.9","12/30/2025 10:48:58 AM"
"C:\Users\mespindola\Documents\HR-Audit_OLD_20260102_122927\.obsidian\plugins\smart-connections","3","0.9","12/30/2025 10:48:58 AM"
"C:\Users\mespindola\Documents\HRM\.obsidian\plugins\smart-connections","4","0.87","12/17/2025 3:07:36 PM"
"C:\Users\mespindola\Documents\obsidian-email-router\.venv\Lib\site-packages\pip\_vendor\rich","78","0.86","1/8/2026 1:42:20 PM"
"C:\Users\mespindola\Documents\obsidian-email-router\.venv\Scripts","9","0.84","1/8/2026 1:42:37 PM"
"C:\Users\mespindola\Documents\HRM","7","0.8","12/22/2025 4:35:51 PM"
"C:\Users\mespindola\Documents\HRM\PERSONNEL RECORD AUDIT PROJECT\.obsidian\plugins\obsidian-tasks-plugin","3","0.79","12/19/2025 2:58:06 PM"
"C:\Users\mespindola\Documents\HR-Audit_OLD_20260102_122927\.obsidian\plugins\obsidian-tasks-plugin","3","0.79","12/30/2025 10:47:20 AM"
"C:\Users\mespindola\Documents\HR-Audit_backup_20260102_121735\.obsidian\plugins\obsidian-tasks-plugin","3","0.79","12/30/2025 10:47:20 AM"
"C:\Users\mespindola\Documents\HR-Audit-BACKUP-20260102-110331\.obsidian\plugins\obsidian-tasks-plugin","3","0.79","12/30/2025 10:47:20 AM"
"C:\Users\mespindola\Documents\HRM\.obsidian\plugins\obsidian-tasks-plugin","3","0.79","12/17/2025 3:05:28 PM"
"C:\Users\mespindola\Documents\HR-Audit-BACKUP-20260102-110331\.obsidian\plugins\obsidian-git","3","0.76","12/30/2025 10:47:43 AM"
"C:\Users\mespindola\Documents\HRM\.obsidian\plugins\obsidian-git","3","0.76","12/17/2025 3:05:50 PM"
"C:\Users\mespindola\Documents\HR-Audit_OLD_20260102_122927\.obsidian\plugins\obsidian-git","3","0.76","12/30/2025 10:47:43 AM"
"C:\Users\mespindola\Documents\HR-Audit_backup_20260102_121735\.obsidian\plugins\obsidian-git","3","0.76","12/30/2025 10:47:43 AM"
"C:\Users\mespindola\Documents\HRM\.obsidian\plugins\obsidian-advanced-slides\plugin\math\mathjax\input","5","0.71","12/17/2025 3:07:15 PM"
"C:\Users\mespindola\Documents\HR-Audit_OLD_20260102_122927\.obsidian\plugins\editing-toolbar","4","0.65","1/2/2026 10:33:11 AM"
"C:\Users\mespindola\Documents\HR-Audit_backup_20260102_121735\.obsidian\plugins\editing-toolbar","4","0.65","1/2/2026 10:33:11 AM"
"C:\Users\mespindola\Documents\HR-Audit-BACKUP-20260102-110331\.obsidian\plugins\editing-toolbar","4","0.65","1/2/2026 10:33:11 AM"
"C:\Users\mespindola\Desktop\SEI_Executive_Package","32","0.64","1/12/2026 11:11:02 AM"
"C:\Users\mespindola\Documents\SCRIPTS","32","0.64","1/12/2026 11:11:02 AM"
"C:\Users\mespindola\Documents\HR-Audit_OLD_20260102_122927\.obsidian\plugins\obsidian-importer","3","0.63","12/30/2025 10:48:18 AM"
"C:\Users\mespindola\Documents\HR-Audit-BACKUP-20260102-110331\.obsidian\plugins\obsidian-importer","3","0.63","12/30/2025 10:48:18 AM"
"C:\Users\mespindola\Documents\HR-Audit_backup_20260102_121735\.obsidian\plugins\obsidian-importer","3","0.63","12/30/2025 10:48:18 AM"
"C:\Users\mespindola\Documents\obsidian-email-router\.venv\Lib\site-packages\pip\_vendor\distlib\__pycache__","13","0.45","1/8/2026 1:42:26 PM"
"C:\Users\mespindola\Documents\HRM\.obsidian\plugins\obsidian-advanced-slides\plugin\math\mathjax\sre","2","0.45","12/17/2025 3:07:15 PM"
"C:\Users\mespindola\Documents\HRM\.obsidian\plugins\obsidian-advanced-slides\plugin\math\mathjax\input\tex\extensions","33","0.43","12/17/2025 3:07:15 PM"
"C:\Users\mespindola\Documents\HR-Audit_backup_20260102_121735\.obsidian\plugins\obsidian-icon-folder","4","0.4","1/2/2026 10:33:10 AM"
"C:\Users\mespindola\Documents\HR-Audit_OLD_20260102_122927\.obsidian\plugins\obsidian-icon-folder","4","0.4","1/2/2026 10:33:10 AM"
"C:\Users\mespindola\Documents\HR-Audit-BACKUP-20260102-110331\.obsidian\plugins\obsidian-icon-folder","4","0.4","1/2/2026 10:33:10 AM"
"C:\Users\mespindola\Documents\HRM\.obsidian\plugins\obsidian-icon-folder","4","0.4","12/29/2025 11:44:28 AM"
"C:\Users\mespindola\Documents\HRM\.obsidian\plugins\obsidian-advanced-slides\plugin\math\mathjax\output","2","0.39","12/17/2025 3:07:15 PM"
"C:\Users\mespindola\Documents\HRM\PERSONNEL RECORD AUDIT PROJECT\.obsidian\plugins\obsidian-charts","3","0.36","12/19/2025 2:57:50 PM"
"C:\Users\mespindola\Documents\HRM\.obsidian\plugins\advanced-canvas","3","0.36","12/17/2025 3:08:40 PM"
"C:\Users\mespindola\Documents\HR-Audit_OLD_20260102_122927\.obsidian\plugins\templater-obsidian","3","0.33","12/30/2025 10:47:15 AM"
"C:\Users\mespindola\Documents\HR-Audit_backup_20260102_121735\.obsidian\plugins\templater-obsidian","3","0.33","12/30/2025 10:47:15 AM"
"C:\Users\mespindola\Documents\HR-Audit-BACKUP-20260102-110331\.obsidian\plugins\templater-obsidian","3","0.33","12/30/2025 10:47:15 AM"
"C:\Users\mespindola\Documents\HRM\PERSONNEL RECORD AUDIT PROJECT\.obsidian\plugins\templater-obsidian","3","0.33","12/19/2025 2:57:46 PM"
"C:\Users\mespindola\Documents\HRM\.obsidian\plugins\templater-obsidian","3","0.33","12/17/2025 3:05:23 PM"
"C:\Users\mespindola\Documents\HRM\.obsidian\plugins\obsidian-advanced-slides\plugin\math\mathjax\output\chtml\fonts\woff-v2","23","0.33","12/17/2025 3:07:15 PM"
"C:\Users\mespindola\Documents\obsidian-email-router\.venv\Lib\site-packages\pip\_vendor\idna","9","0.29","1/8/2026 1:42:20 PM"
"C:\Users\mespindola\Documents\obsidian-email-router\.venv\Lib\site-packages\pip\_vendor\certifi","5","0.28","1/8/2026 1:42:20 PM"
"C:\Users\mespindola\Documents\obsidian-email-router\.venv\Lib\site-packages\pip\_vendor\idna\__pycache__","8","0.27","1/8/2026 1:42:27 PM"
"C:\Users\mespindola\Desktop\SEI_KPI_Executive_Presentation","3","0.27","1/12/2026 12:08:54 PM"
"C:\Users\mespindola\Documents\HRM\.obsidian\plugins\table-editor-obsidian","4","0.26","12/29/2025 11:44:26 AM"
"C:\Users\mespindola\Documents\HRM\PERSONNEL RECORD AUDIT PROJECT\.obsidian\plugins\table-editor-obsidian","3","0.26","12/19/2025 2:58:03 PM"
"C:\Users\mespindola\Documents\HR-Audit_backup_20260102_121735\.obsidian\plugins\table-editor-obsidian","4","0.26","1/2/2026 10:33:08 AM"
"C:\Users\mespindola\Documents\HR-Audit-BACKUP-20260102-110331\.obsidian\plugins\table-editor-obsidian","4","0.26","1/2/2026 10:33:08 AM"
"C:\Users\mespindola\Documents\HR-Audit_OLD_20260102_122927\.obsidian\plugins\table-editor-obsidian","4","0.26","1/2/2026 10:33:08 AM"
"C:\Users\mespindola\Documents\HRM\.obsidian\plugins\obsidian-advanced-slides\dist\theme","13","0.24","12/17/2025 3:07:15 PM"
"C:\Users\mespindola\Documents\HRM\.obsidian\plugins\obsidian-advanced-slides\plugin\notes","4","0.23","12/17/2025 3:07:15 PM"
"C:\Users\mespindola\Documents\HRM\.obsidian\plugins\obsidian-advanced-slides\plugin\math\mathjax\input\mml\extensions","2","0.21","12/17/2025 3:07:14 PM"
"C:\Users\mespindola\Documents\obsidian-email-router\.venv\Lib\site-packages\pip\_vendor\requests\__pycache__","18","0.2","1/8/2026 1:42:30 PM"
"C:\Users\mespindola\Documents\HRM\.obsidian\plugins\obsidian-advanced-slides\plugin\chart","3","0.2","12/17/2025 3:07:15 PM"
"C:\Users\mespindola\Documents\HRM\.obsidian\plugins\obsidian-advanced-slides\plugin\markdown","3","0.19","12/17/2025 3:07:15 PM"
"C:\Users\mespindola\Documents\HRM\PERSONNEL RECORD AUDIT PROJECT\.obsidian\plugins\obsidian-buttons","3","0.19","12/19/2025 2:58:04 PM"
"C:\Users\mespindola\Documents\obsidian-email-router\.venv\Lib\site-packages\pip\_vendor\requests","18","0.18","1/8/2026 1:42:20 PM"
"C:\Users\mespindola\Documents\HRM\.obsidian\plugins\obsidian-advanced-slides\css","3","0.17","12/17/2025 3:07:15 PM"
"C:\Users\mespindola\Documents\obsidian-email-router\.venv\Lib\site-packages\pip\_vendor\pygments","16","0.17","1/8/2026 1:42:20 PM"
"C:\Users\mespindola\Documents\HR-Audit-BACKUP-20260102-110331\.obsidian\plugins\highlightr-plugin","3","0.16","12/30/2025 10:49:37 AM"
"C:\Users\mespindola\Documents\obsidian-email-router\.venv\Lib\site-packages\pip\_vendor\pygments\__pycache__","16","0.16","1/8/2026 1:42:29 PM"
"C:\Users\mespindola\Documents\HR-Audit_OLD_20260102_122927\.obsidian\plugins\highlightr-plugin","3","0.16","12/30/2025 10:49:37 AM"
"C:\Users\mespindola\Documents\obsidian-email-router\.venv\Lib\site-packages\pip\_vendor\packaging\__pycache__","14","0.16","1/8/2026 1:42:27 PM"
"C:\Users\mespindola\Documents\HR-Audit-BACKUP-20260102-110331\.obsidian\plugins\obsidian-style-settings","3","0.16","12/30/2025 10:47:48 AM"
"C:\Users\mespindola\Documents\HR-Audit_OLD_20260102_122927\.obsidian\plugins\obsidian-style-settings","3","0.16","12/30/2025 10:47:48 AM"
"C:\Users\mespindola\Documents\obsidian-email-router\.venv\Lib\site-packages\pip\_vendor\urllib3\__pycache__","11","0.16","1/8/2026 1:42:34 PM"
"C:\Users\mespindola\Documents\HR-Audit_backup_20260102_121735\.obsidian\plugins\highlightr-plugin","3","0.16","12/30/2025 10:49:37 AM"
"C:\Users\mespindola\Documents\obsidian-email-router\.venv\Lib\site-packages\pip\_vendor\pygments\formatters\__pycache__","14","0.16","1/8/2026 1:42:29 PM"
"C:\Users\mespindola\Documents\HR-Audit_backup_20260102_121735\.obsidian\plugins\obsidian-style-settings","3","0.16","12/30/2025 10:47:48 AM"
"C:\Users\mespindola\Documents\obsidian-email-router\.venv\Lib\site-packages\pip\_internal\utils\__pycache__","27","0.15","1/8/2026 1:42:25 PM"
"C:\Users\mespindola\Documents\obsidian-email-router\.venv\Lib\site-packages\pip\_vendor\packaging","15","0.15","1/8/2026 1:42:20 PM"
"C:\Users\mespindola\Documents\obsidian-email-router\.venv\Lib\site-packages\pip\_vendor\pkg_resources\__pycache__","1","0.15","1/8/2026 1:42:27 PM"
"C:\Users\mespindola\Desktop\SEI_Protected_Leave_Report","2","0.14","1/12/2026 5:08:12 PM"
"C:\Users\mespindola\Documents\obsidian-email-router\.venv\Lib\site-packages\pip\_vendor\pygments\lexers","3","0.14","1/8/2026 1:42:20 PM"
"C:\Users\mespindola\Documents\HR-Audit_backup_20260102_121735\.obsidian\plugins\calendar","3","0.14","1/2/2026 10:33:08 AM"
"C:\Users\mespindola\Documents\HRM\.obsidian\plugins\calendar","3","0.14","12/29/2025 11:44:26 AM"
"C:\Users\mespindola\Documents\obsidian-email-router\.venv\Lib\site-packages\pip\_vendor\urllib3","11","0.14","1/8/2026 1:42:20 PM"
"C:\Users\mespindola\Documents\obsidian-email-router\.venv\Lib\site-packages\pip\_vendor\__pycache__","2","0.14","1/8/2026 1:42:34 PM"
"C:\Users\mespindola\Documents\obsidian-email-router\.venv\Lib\site-packages\pip\_vendor\pygments\formatters","14","0.14","1/8/2026 1:42:20 PM"
"C:\Users\mespindola\Documents\HR-Audit-BACKUP-20260102-110331\.obsidian\plugins\calendar","3","0.14","1/2/2026 10:33:08 AM"
"C:\Users\mespindola\Documents\HR-Audit_OLD_20260102_122927\.obsidian\plugins\calendar","3","0.14","1/2/2026 10:33:08 AM"
"C:\Users\mespindola\Documents\obsidian-email-router\.venv\Lib\site-packages\pip\_internal\commands\__pycache__","18","0.14","1/8/2026 1:42:21 PM"
"C:\Users\mespindola\Documents\HRM\.obsidian\plugins\obsidian-advanced-slides\plugin\chalkboard","5","0.13","12/17/2025 3:07:15 PM"
"C:\Users\mespindola\Documents\obsidian-email-router\.venv\Lib\site-packages\pip\_vendor","3","0.13","1/8/2026 1:42:20 PM"
"C:\Users\mespindola\Documents\HRM\.obsidian\plugins\obsidian-advanced-slides\plugin\menu","10","0.13","12/17/2025 3:07:14 PM"
"C:\Users\mespindola\Desktop\SEI_KPI_Executive_Presentation\charts","4","0.13","1/12/2026 12:05:54 PM"
"C:\Users\mespindola\Documents\HRM\.obsidian\plugins\obsidian-advanced-slides\plugin\chalkboard\img","17","0.12","12/17/2025 3:07:15 PM"
"C:\Users\mespindola\Documents\obsidian-email-router\.venv\Lib\site-packages\pip\_vendor\pygments\lexers\__pycache__","3","0.12","1/8/2026 1:42:29 PM"
"C:\Users\mespindola\Documents\HRM\.obsidian\plugins\obsidian-advanced-slides\dist\theme\fonts\lato","1","0.12","12/17/2025 3:07:15 PM"
"C:\Users\mespindola\Documents\obsidian-email-router\.venv\Lib\site-packages\pip\_internal\req\__pycache__","6","0.12","1/8/2026 1:42:23 PM"
"C:\Users\mespindola\Documents\HRM\.obsidian\plugins\obsidian-outliner","3","0.12","12/17/2025 3:06:19 PM"
"C:\Users\mespindola\Documents\obsidian-email-router\.venv\Lib\site-packages\pip\_vendor\pkg_resources","1","0.12","1/8/2026 1:42:20 PM"
"C:\Users\mespindola\Documents\obsidian-email-router\.venv\Lib\site-packages\pip\_internal\utils","27","0.12","1/8/2026 1:42:20 PM"
"C:\Users\mespindola\Documents\obsidian-email-router\.venv\Lib\site-packages\pip\_internal\commands","18","0.11","1/8/2026 1:42:20 PM"
"C:\Users\mespindola\Documents\obsidian-email-router\.venv\Lib\site-packages\pip\_internal\resolution\resolvelib\__pycache__","9","0.11","1/8/2026 1:42:24 PM"
"C:\Users\mespindola\Desktop\SEI_Protected_Leave_Report\charts","3","0.11","1/12/2026 5:08:12 PM"
"C:\Users\mespindola\Documents\PowerShell\Modules\Microsoft.PowerToys.Configure\0.96.1.0","2","0.11","11/24/2025 4:27:08 AM"
"C:\Users\mespindola\Documents\obsidian-email-router\.venv\Lib\site-packages\pip\_internal\__pycache__","9","0.11","1/8/2026 1:42:25 PM"
"C:\Users\mespindola\Documents\HRM\.obsidian\plugins\obsidian-advanced-slides\plugin\math\mathjax\ui","3","0.1","12/17/2025 3:07:15 PM"
"C:\Users\mespindola\Documents\obsidian-email-router\.venv\Lib\site-packages\pip\_internal\cli\__pycache__","13","0.1","1/8/2026 1:42:21 PM"
"C:\Users\mespindola\Documents\obsidian-email-router\.venv\Lib\site-packages\pip\_vendor\urllib3\util\__pycache__","13","0.1","1/8/2026 1:42:35 PM"
"C:\Users\mespindola\Documents\obsidian-email-router\.venv\Lib\site-packages\pip\_internal\req","6","0.1","1/8/2026 1:42:20 PM"
"C:\Users\mespindola\Documents\HRM\.obsidian\plugins\obsidian-advanced-slides\plugin\math\mathjax\output\chtml\fonts","1","0.1","12/17/2025 3:07:15 PM"
"C:\Users\mespindola\Documents\obsidian-email-router\.venv\Lib\site-packages\pip\_internal\cli","13","0.09","1/8/2026 1:42:20 PM"
"C:\Users\mespindola\Documents\obsidian-email-router\.venv\Lib\site-packages\pip\_internal\resolution\resolvelib","9","0.09","1/8/2026 1:42:20 PM"
"C:\Users\mespindola\Documents\obsidian-email-router\.venv\Lib\site-packages\pip\_vendor\urllib3\util","13","0.09","1/8/2026 1:42:20 PM"
"C:\Users\mespindola\Documents\obsidian-email-router\.venv\Lib\site-packages\pip\_internal","9","0.08","1/8/2026 1:42:20 PM"
"C:\Users\mespindola\Documents\HR-Audit-BACKUP-20260102-110331\.makemd","2","0.08","1/2/2026 10:33:33 AM"
"C:\Users\mespindola\Documents\HR-Audit_OLD_20260102_122927\.makemd","2","0.08","1/2/2026 12:17:44 PM"
"C:\Users\mespindola\Documents\obsidian-email-router\.venv\Lib\site-packages\pip\_vendor\platformdirs\__pycache__","8","0.08","1/8/2026 1:42:28 PM"
"C:\Users\mespindola\Documents\HR-Audit_backup_20260102_121735\.makemd","2","0.08","1/2/2026 11:03:42 AM"
"C:\Users\mespindola\Documents\obsidian-email-router\.venv\Lib\site-packages\pip\_vendor\urllib3\contrib\__pycache__","7","0.08","1/8/2026 1:42:34 PM"
"C:\Users\mespindola\Documents\obsidian-email-router\.venv\Lib\site-packages\pip-24.2.dist-info","9","0.08","1/8/2026 1:42:37 PM"
"C:\Users\mespindola\Documents\obsidian-email-router\.venv\Lib\site-packages\pip\_internal\network\__pycache__","8","0.07","1/8/2026 1:42:23 PM"
"C:\Users\mespindola\Documents\obsidian-email-router\.venv\Lib\site-packages\pip\_internal\vcs\__pycache__","6","0.07","1/8/2026 1:42:25 PM"
"C:\Users\mespindola\Documents\obsidian-email-router\.venv\Lib\site-packages\pip\_vendor\urllib3\contrib","7","0.07","1/8/2026 1:42:20 PM"
"C:\Users\mespindola\Documents\HRM\.obsidian\plugins\obsidian-advanced-slides\plugin\math","6","0.07","12/17/2025 3:07:15 PM"
"C:\Users\mespindola\Documents\obsidian-email-router\.venv\Lib\site-packages\pip\_vendor\platformdirs","9","0.07","1/8/2026 1:42:20 PM"
"C:\Users\mespindola\Documents\obsidian-email-router\.venv\Lib\site-packages\pip\_internal\index\__pycache__","4","0.07","1/8/2026 1:42:22 PM"
"C:\Users\mespindola\Documents\obsidian-email-router\.venv\Lib\site-packages\pip\_internal\vcs","6","0.06","1/8/2026 1:42:20 PM"
"C:\Users\mespindola\Documents\obsidian-email-router\.venv\Lib\site-packages\pip\_internal\metadata\__pycache__","4","0.06","1/8/2026 1:42:22 PM"
"C:\Users\mespindola\Documents\obsidian-email-router\.venv\Lib\site-packages\pip\_internal\models\__pycache__","12","0.06","1/8/2026 1:42:23 PM"
"C:\Users\mespindola\Documents\HR-Audit_OLD_20260102_122927\.obsidian\themes\Things","2","0.06","12/30/2025 10:52:44 AM"
"C:\Users\mespindola\Documents\HR-Audit-BACKUP-20260102-110331\.obsidian\themes\Things","2","0.06","12/30/2025 10:52:44 AM"
"C:\Users\mespindola\Documents\obsidian-email-router\.venv\Lib\site-packages\pip\_internal\index","4","0.06","1/8/2026 1:42:20 PM"
"C:\Users\mespindola\Documents\HRM\.obsidian\plugins\obsidian-advanced-slides\plugin\math\mathjax\a11y","4","0.06","12/17/2025 3:07:14 PM"
"C:\Users\mespindola\Documents\HR-Audit_backup_20260102_121735\.obsidian\themes\Things","2","0.06","12/30/2025 10:52:44 AM"
"C:\Users\mespindola\Documents\obsidian-email-router\.venv\Lib\site-packages\pip\_internal\network","8","0.06","1/8/2026 1:42:20 PM"
"C:\Users\mespindola\Documents\obsidian-email-router\.venv\Lib\site-packages\pip\_vendor\truststore","7","0.05","1/8/2026 1:42:20 PM"
"C:\Users\mespindola\Documents\obsidian-email-router\.venv\Lib\site-packages\pip\_vendor\msgpack\__pycache__","4","0.05","1/8/2026 1:42:27 PM"
"C:\Users\mespindola\Documents\obsidian-email-router\.venv\Lib\site-packages\pip\_internal\models","12","0.05","1/8/2026 1:42:20 PM"
"C:\Users\mespindola\Documents\obsidian-email-router\.venv\Lib\site-packages\pip\_vendor\distro\__pycache__","3","0.05","1/8/2026 1:42:26 PM"
"C:\Users\mespindola\Documents\obsidian-email-router\.venv\Lib\site-packages\pip\_vendor\truststore\__pycache__","6","0.05","1/8/2026 1:42:34 PM"
"C:\Users\mespindola\Documents\obsidian-email-router\.venv\Lib\site-packages\pip\_vendor\distro","4","0.05","1/8/2026 1:42:20 PM"
"C:\Users\mespindola\Documents\obsidian-email-router\.venv\Lib\site-packages\pip\_vendor\cachecontrol\__pycache__","9","0.05","1/8/2026 1:42:25 PM"
"C:\Users\mespindola\Documents\HRM\.obsidian\plugins\recent-files-obsidian","4","0.05","12/29/2025 11:44:37 AM"
"C:\Users\mespindola\Desktop\SEI_KPI_Executive_Report","5","0.05","1/12/2026 11:44:22 AM"
"C:\Users\mespindola\Documents\obsidian-email-router\.venv\Lib\site-packages\pip\_internal\metadata","4","0.04","1/8/2026 1:42:20 PM"
"C:\Users\mespindola\Documents\HRM\.obsidian\plugins\obsidian-advanced-slides\plugin\search","3","0.04","12/17/2025 3:07:15 PM"
"C:\Users\mespindola\Documents\HR-Audit_OLD_20260102_122927\.obsidian\themes\GitHub Theme","2","0.04","12/30/2025 10:53:28 AM"
"C:\Users\mespindola\Documents\HR-Audit-BACKUP-20260102-110331\.obsidian\themes\GitHub Theme","2","0.04","12/30/2025 10:53:28 AM"
"C:\Users\mespindola\Documents\HR-Audit_backup_20260102_121735\.obsidian\themes\GitHub Theme","2","0.04","12/30/2025 10:53:28 AM"
"C:\Users\mespindola\Documents\obsidian-email-router\.venv\Lib\site-packages\pip\_internal\operations","4","0.04","1/8/2026 1:42:20 PM"
"C:\Users\mespindola\Documents\obsidian-email-router\.venv\Lib\site-packages\pip\_vendor\resolvelib\__pycache__","5","0.04","1/8/2026 1:42:30 PM"
"C:\Users\mespindola\Documents\obsidian-email-router\.venv\Lib\site-packages\pip\_internal\operations\__pycache__","4","0.04","1/8/2026 1:42:23 PM"
"C:\Users\mespindola\Documents\obsidian-email-router\.venv\Lib\site-packages\pip\_vendor\msgpack","4","0.04","1/8/2026 1:42:20 PM"
"C:\Users\mespindola\Documents\obsidian-email-router\.venv\Lib\site-packages\pip\_vendor\urllib3\packages\__pycache__","2","0.04","1/8/2026 1:42:34 PM"
"C:\Users\mespindola\Documents\obsidian-email-router\.venv\Lib\site-packages\pip\_vendor\pygments\filters\__pycache__","1","0.04","1/8/2026 1:42:28 PM"
"C:\Users\mespindola\Documents\obsidian-email-router\.venv\Lib\site-packages\pip\_vendor\pygments\filters","1","0.04","1/8/2026 1:42:20 PM"
"C:\Users\mespindola\Documents\obsidian-email-router\.venv\Lib\site-packages\pip\_vendor\cachecontrol","10","0.04","1/8/2026 1:42:20 PM"
"C:\Users\mespindola\Documents\obsidian-email-router\.venv\Lib\site-packages\pip\_vendor\tomli\__pycache__","4","0.03","1/8/2026 1:42:33 PM"
"C:\Users\mespindola\Documents\HR-Audit_OLD_20260102_122927\10-ADMINISTRATIVE-SUPPORT\HR-101-Training\Day-1-Confidentiality-Training","2","0.03","12/29/2025 3:29:35 PM"
"C:\Users\mespindola\Documents\HR-Audit-BACKUP-20260102-110331\.obsidian\themes\Obsidianite","2","0.03","12/30/2025 10:53:12 AM"
"C:\Users\mespindola\Documents\HR-Audit_OLD_20260102_122927\10-ADMINISTRATIVE-SUPPORT\HR-101-Training","3","0.03","12/29/2025 3:10:39 PM"
"C:\Users\mespindola\Documents\HR-Audit_OLD_20260102_122927\.obsidian\themes\Obsidianite","2","0.03","12/30/2025 10:53:12 AM"
"C:\Users\mespindola\Documents\obsidian-email-router\.venv\Lib\site-packages\pip\_internal\operations\install\__pycache__","3","0.03","1/8/2026 1:42:23 PM"
"C:\Users\mespindola\Documents\obsidian-email-router\.venv\Lib\site-packages\pip\_vendor\resolvelib","6","0.03","1/8/2026 1:42:20 PM"
"C:\Users\mespindola\Documents\HR-Audit-BACKUP-20260102-110331\.obsidian\plugins\homepage","3","0.03","12/30/2025 10:48:33 AM"
"C:\Users\mespindola\Documents\HR-Audit_OLD_20260108_143412\07-PROJECT CHARTER","1","0.03","1/8/2026 9:39:29 AM"
"C:\Users\mespindola\Documents\obsidian-email-router\.venv\Lib\site-packages\pip\_vendor\tomli","5","0.03","1/8/2026 1:42:20 PM"
"C:\Users\mespindola\Documents\obsidian-email-router\.venv\Lib\site-packages\pip\_internal\locations","4","0.03","1/8/2026 1:42:20 PM"
"C:\Users\mespindola\Documents\HR-Audit-BACKUP-20260102-110331\10-ADMINISTRATIVE-SUPPORT\HR-101-Training","3","0.03","12/29/2025 3:10:39 PM"
"C:\Users\mespindola\Documents\HR-Audit_backup_20260102_121735\10-ADMINISTRATIVE-SUPPORT\HR-101-Training","3","0.03","12/29/2025 3:10:39 PM"
"C:\Users\mespindola\Documents\obsidian-email-router\.venv\Lib\site-packages\pip\_vendor\urllib3\contrib\_securetransport","3","0.03","1/8/2026 1:42:20 PM"
"C:\Users\mespindola\Documents\obsidian-email-router\.venv\Lib\site-packages\pip\_vendor\urllib3\packages","2","0.03","1/8/2026 1:42:20 PM"
"C:\Users\mespindola\Documents\obsidian-email-router\.venv\Lib\site-packages\pip\_internal\locations\__pycache__","4","0.03","1/8/2026 1:42:22 PM"
"C:\Users\mespindola\Documents\obsidian-email-router\.venv\Lib\site-packages\pip\_vendor\urllib3\contrib\_securetransport\__pycache__","3","0.03","1/8/2026 1:42:34 PM"
"C:\Users\mespindola\Documents\HR-Audit-BACKUP-20260102-110331\10-ADMINISTRATIVE-SUPPORT\HR-101-Training\Day-1-Confidentiality-Training","2","0.03","12/29/2025 3:29:35 PM"
"C:\Users\mespindola\Documents\HR-Audit_backup_20260102_121735\10-ADMINISTRATIVE-SUPPORT\HR-101-Training\Day-1-Confidentiality-Training","2","0.03","12/29/2025 3:29:35 PM"
"C:\Users\mespindola\Documents\HRM\.obsidian\plugins\obsidian-advanced-slides\dist\theme\fonts\league-gothic","1","0.03","12/17/2025 3:07:15 PM"
"C:\Users\mespindola\Documents\obsidian-email-router\.venv\Lib\site-packages\pip\_internal\metadata\importlib\__pycache__","4","0.03","1/8/2026 1:42:22 PM"
"C:\Users\mespindola\Documents\HR-Audit_backup_20260102_121735\.obsidian\themes\Obsidianite","2","0.03","12/30/2025 10:53:12 AM"
"C:\Users\mespindola\Documents\obsidian-email-router\.venv\Lib\site-packages\pip\_internal\operations\install","3","0.03","1/8/2026 1:42:20 PM"
"C:\Users\mespindola\Documents\HR-Audit_OLD_20260102_122927\.obsidian\plugins\homepage","3","0.03","12/30/2025 10:48:33 AM"
"C:\Users\mespindola\Documents\HRM\.obsidian\plugins\obsidian-advanced-slides\plugin\math\mathjax\input\mml","1","0.03","12/17/2025 3:07:14 PM"
"C:\Users\mespindola\Documents\HR-Audit_backup_20260102_121735\.obsidian\plugins\homepage","3","0.03","12/30/2025 10:48:33 AM"
"C:\Users\mespindola\Documents\HRM\.obsidian\plugins\obsidian-advanced-slides\plugin\math\mathjax\adaptors","1","0.02","12/17/2025 3:07:14 PM"
"C:\Users\mespindola\Documents\obsidian-email-router\.venv\Lib\site-packages\pip\_internal\distributions\__pycache__","5","0.02","1/8/2026 1:42:22 PM"
"C:\Users\mespindola\Documents\obsidian-email-router\.venv\Lib\site-packages\pip\_internal\metadata\importlib","4","0.02","1/8/2026 1:42:20 PM"
"C:\Users\mespindola\Documents\HR-Audit_OLD_20260102_122927\10-ADMINISTRATIVE-SUPPORT\HR-101-Training\Forms-and-Certificates","4","0.02","12/29/2025 3:30:20 PM"
"C:\Users\mespindola\Documents\HR-Audit_backup_20260102_121735\10-ADMINISTRATIVE-SUPPORT\HR-101-Training\Forms-and-Certificates","4","0.02","12/29/2025 3:30:20 PM"
"C:\Users\mespindola\Documents\HR-Audit-BACKUP-20260102-110331\10-ADMINISTRATIVE-SUPPORT\HR-101-Training\Forms-and-Certificates","4","0.02","12/29/2025 3:30:20 PM"
"C:\Users\mespindola\Documents\obsidian-email-router\.venv\Lib\site-packages\pip\_internal\resolution\legacy","2","0.02","1/8/2026 1:42:20 PM"
"C:\Users\mespindola\Documents\obsidian-email-router\.venv\Lib\site-packages\pip\_internal\operations\build\__pycache__","8","0.02","1/8/2026 1:42:23 PM"
"C:\Users\mespindola\Documents\obsidian-email-router\.venv\Lib\site-packages\pip\_internal\resolution\legacy\__pycache__","2","0.02","1/8/2026 1:42:24 PM"
"C:\Users\mespindola\Documents\obsidian-email-router\.venv\Lib\site-packages\pip\_internal\operations\build","8","0.01","1/8/2026 1:42:20 PM"
"C:\Users\mespindola\Documents\HR-Audit_backup_20260102_121735\00-DASHBOARD","3","0.01","12/29/2025 2:39:48 PM"
"C:\Users\mespindola\Documents\obsidian-email-router\.venv\Lib\site-packages\pip\_internal\distributions","5","0.01","1/8/2026 1:42:20 PM"
"C:\Users\mespindola\Documents\obsidian-email-router\.venv\Lib\site-packages\pip\_vendor\cachecontrol\caches","3","0.01","1/8/2026 1:42:20 PM"
"C:\Users\mespindola\Documents\HR-Audit_backup_20260102_121735\00-EXECUTIVE-SUMMARY","1","0.01","12/29/2025 2:39:58 PM"
"C:\Users\mespindola\Documents\obsidian-email-router\.venv\Lib\site-packages\pip\_vendor\pyproject_hooks","3","0.01","1/8/2026 1:42:20 PM"
"C:\Users\mespindola\Documents\HRM\PERSONNEL RECORD AUDIT PROJECT\00-CONFIGURATION\AI-Integration","3","0.01","12/22/2025 4:07:36 PM"
"C:\Users\mespindola\Documents\HR-Audit_backup_20260102_121735\.obsidian","6","0.01","1/2/2026 11:31:29 AM"
"C:\Users\mespindola\Documents\HR-Audit-BACKUP-20260102-110331\Scripts","2","0.01","12/29/2025 11:00:29 AM"
"C:\Users\mespindola\Documents\HR-Audit-BACKUP-20260102-110331\00-DASHBOARD\Status-Reports","1","0.01","12/30/2025 10:45:25 AM"
"C:\Users\mespindola\Documents\HRM\.obsidian\plugins\obsidian-advanced-slides\plugin\zoom","3","0.01","12/17/2025 3:07:14 PM"
"C:\Users\mespindola\Documents\HR-Audit_backup_20260102_121735\00-DASHBOARD\Status-Reports","1","0.01","12/30/2025 10:45:25 AM"
"C:\Users\mespindola\Documents\HRM\.obsidian\plugins\obsidian-advanced-slides\plugin\customcontrols","3","0.01","12/17/2025 3:07:14 PM"
"C:\Users\mespindola\Documents\HR-Audit_backup_20260102_121735","6","0.01","1/2/2026 11:03:32 AM"
"C:\Users\mespindola\Documents\HR-Audit_backup_20260102_121735\Scripts","2","0.01","12/29/2025 11:00:29 AM"
"C:\Users\mespindola\Documents\HRM\PERSONNEL RECORD AUDIT PROJECT","4","0.01","12/22/2025 4:20:02 PM"
"C:\Users\mespindola\Documents\HR-Audit-BACKUP-20260102-110331\.obsidian","6","0.01","1/2/2026 10:36:05 AM"
"C:\Users\mespindola\Documents\HR-Audit_backup_20260102_121735\10-ADMINISTRATIVE-SUPPORT","2","0.01","12/29/2025 2:41:00 PM"
"C:\Users\mespindola\Documents\HRM\.obsidian\.obsidian","4","0.01","12/22/2025 3:42:07 PM"
"C:\Users\mespindola\Documents\obsidian-email-router\.venv\Lib\site-packages\pip\_vendor\urllib3\packages\backports","3","0.01","1/8/2026 1:42:20 PM"
"C:\Users\mespindola\Documents\HR-Audit_OLD_20260102_122927\Scripts","2","0.01","12/29/2025 11:00:29 AM"
"C:\Users\mespindola\Documents\HR-Audit_OLD_20260102_122927\00-DASHBOARD\Status-Reports","1","0.01","12/30/2025 10:45:25 AM"
"C:\Users\mespindola\Documents\HR-Audit_OLD_20260102_122927\10-ADMINISTRATIVE-SUPPORT","2","0.01","12/29/2025 2:41:00 PM"
"C:\Users\mespindola\Documents\HR-Audit_OLD_20260102_122927","6","0.01","1/2/2026 12:17:36 PM"
"C:\Users\mespindola\Documents\HR-Audit_OLD_20260102_122927\00-EXECUTIVE-SUMMARY","1","0.01","12/29/2025 2:39:58 PM"
"C:\Users\mespindola\Documents\HR-Audit_OLD_20260102_122927\.obsidian","6","0.01","1/2/2026 12:18:14 PM"
"C:\Users\mespindola\Documents\HRM\.obsidian\plugins\obsidian-advanced-slides\template","2","0.01","12/17/2025 3:07:14 PM"
"C:\Users\mespindola\Documents\HR-Audit_OLD_20260102_122927\00-DASHBOARD","3","0.01","12/29/2025 2:39:48 PM"
"C:\Users\mespindola\Documents\obsidian-email-router\.venv\Lib\site-packages\pip\_vendor\urllib3\packages\backports\__pycache__","3","0.01","1/8/2026 1:42:34 PM"
"C:\Users\mespindola\Documents\obsidian-email-router\.venv\Lib\site-packages\pip\_vendor\pyproject_hooks\_in_process\__pycache__","2","0.01","1/8/2026 1:42:30 PM"
"C:\Users\mespindola\Documents\HR-Audit_OLD_20260108_143412\.obsidian","4","0.01","1/8/2026 1:25:11 PM"
"C:\Users\mespindola\Documents\HR-Audit-BACKUP-20260102-110331\00-EXECUTIVE-SUMMARY","1","0.01","12/29/2025 2:39:58 PM"
"C:\Users\mespindola\Documents\obsidian-email-router\.venv\Lib\site-packages\pip\_vendor\pygments\styles","2","0.01","1/8/2026 1:42:20 PM"
"C:\Users\mespindola\Documents\obsidian-email-router\.venv\Lib\site-packages\pip\_vendor\cachecontrol\caches\__pycache__","3","0.01","1/8/2026 1:42:25 PM"
"C:\Users\mespindola\Documents\HR-Audit-BACKUP-20260102-110331\10-ADMINISTRATIVE-SUPPORT","2","0.01","12/29/2025 2:41:00 PM"
"C:\Users\mespindola\Documents\HRM\PERSONNEL RECORD AUDIT PROJECT\09-Templates","4","0.01","12/22/2025 4:20:02 PM"
"C:\Users\mespindola\Documents\HR-Audit-BACKUP-20260102-110331\00-DASHBOARD","3","0.01","12/29/2025 2:39:48 PM"
"C:\Users\mespindola\Documents\HRM\PERSONNEL RECORD AUDIT PROJECT\01-PROJECT-MANAGEMENT","2","0.01","12/22/2025 4:20:02 PM"
"C:\Users\mespindola\Documents\obsidian-email-router\.venv\Lib\site-packages\pip\_vendor\pyproject_hooks\__pycache__","3","0.01","1/8/2026 1:42:29 PM"
"C:\Users\mespindola\Documents\obsidian-email-router\.venv\Lib\site-packages\pip\_vendor\pyproject_hooks\_in_process","2","0.01","1/8/2026 1:42:20 PM"
"C:\Users\mespindola\Documents\HRM\.obsidian","7","0.01","12/29/2025 2:37:36 PM"
"C:\Users\mespindola\Documents\obsidian-email-router\.venv\Lib\site-packages\pip\_vendor\pygments\styles\__pycache__","2","0.01","1/8/2026 1:42:29 PM"
"C:\Users\mespindola\Documents\HR-Audit","2","0","1/8/2026 2:34:12 PM"
"C:\Users\mespindola\Desktop\SEI_KPI_Modular_Components\Workflows","1","0","1/12/2026 12:22:20 PM"
"C:\Users\mespindola\Desktop\SEI_KPI_Modular_Components\DataSamples","1","0","1/12/2026 12:22:19 PM"
"C:\Users\mespindola\Documents\HR-Audit-BACKUP-20260102-110331","6","0","1/2/2026 10:33:24 AM"
"C:\Users\mespindola\Desktop\SEI_KPI_Modular_Components\Charts","1","0","1/12/2026 12:22:20 PM"
"C:\Users\mespindola\Desktop\SEI_KPI_Modular_Components\Templates","2","0","1/12/2026 12:22:19 PM"
"C:\Users\mespindola\Desktop\SEI_KPI_Modular_Components\Policies","2","0","1/12/2026 12:22:19 PM"
"C:\Users\mespindola\Documents\HR-Audit-BACKUP-20260102-110331\01-AUDIT-PLANNING","1","0","12/29/2025 2:40:05 PM"
"C:\Users\mespindola\Documents\HR-Audit-BACKUP-20260102-110331\03-POLICY-FRAMEWORK","1","0","12/29/2025 1:02:12 PM"
"C:\Users\mespindola\Documents\HR-Audit-BACKUP-20260102-110331\.vscode","1","0","12/29/2025 11:00:29 AM"
"C:\Users\mespindola\Documents\HR-Audit-BACKUP-20260102-110331\SECURE-DATA","1","0","12/29/2025 11:14:08 AM"
"C:\Users\mespindola\Documents\obsidian-email-router\.venv\Lib\site-packages\pip\_vendor\certifi\__pycache__","3","0","1/8/2026 1:42:25 PM"
"C:\Users\mespindola\Documents\HR-Audit-BACKUP-20260102-110331\Reports","1","0","12/29/2025 2:40:50 PM"
"C:\Users\mespindola\Documents\HR-Audit-BACKUP-20260102-110331\07-CITATIONS-BIBLIOGRAPHY","1","0","12/29/2025 11:00:33 AM"
"C:\Users\mespindola\Documents\HR-Audit-BACKUP-20260102-110331\09-TEMPLATES","2","0","12/29/2025 1:02:12 PM"
"C:\Users\mespindola\Desktop\FileOrg","3","0","1/13/2026 10:55:37 AM"
"C:\Users\mespindola\Documents\obsidian-email-router","1","0","1/8/2026 1:42:47 PM"
"C:\Users\mespindola\Desktop\SEI_KPI_Executive_Package","1","0","1/12/2026 12:48:12 PM"
"C:\Users\mespindola\Documents\HR-Audit_OLD_20260108_143412","2","0","1/2/2026 12:29:28 PM"
"C:\Users\mespindola\Documents\obsidian-email-router\.venv\Lib\site-packages\pip\_vendor\resolvelib\compat","2","0","1/8/2026 1:42:20 PM"
"C:\Users\mespindola\Documents\HR-Audit-BACKUP-20260102-110331\.space","1","0","12/30/2025 10:49:24 AM"
"C:\Users\mespindola\Documents\PowerShell","1","0","12/26/2025 12:16:24 PM"
"C:\Users\mespindola\Documents\obsidian-email-router\.venv\Lib\site-packages\pip\_vendor\resolvelib\compat\__pycache__","2","0","1/8/2026 1:42:30 PM"
"C:\Users\mespindola\Documents\HR-Audit-BACKUP-20260102-110331\01-DASHBOARDS\Executive","1","0","12/29/2025 2:40:33 PM"
"C:\Users\mespindola\Documents\HR-Audit_backup_20260102_121735\03-POLICY-LIBRARY\Policy-Tracking","1","0","12/29/2025 11:00:32 AM"
"C:\Users\mespindola\Documents\HR-Audit_backup_20260102_121735\03-POLICY-LIBRARY\Required-Policies","1","0","12/29/2025 11:00:32 AM"
"C:\Users\mespindola\Documents\HRM\.obsidian\plugins\obsidian-advanced-slides\plugin\reveal-pointer","2","0","12/17/2025 3:07:14 PM"
"C:\Users\mespindola\Documents\HR-Audit_backup_20260102_121735\01-DASHBOARDS\Executive","1","0","12/29/2025 2:40:33 PM"
"C:\Users\mespindola\Documents\HR-Audit_backup_20260102_121735\10-ADMINISTRATIVE-SUPPORT\Progress-Tracking","1","0","12/29/2025 2:37:04 PM"
"C:\Users\mespindola\Documents\HR-Audit_backup_20260102_121735\10-ADMINISTRATIVE-SUPPORT\HR-101-Training\Visual-Aids","2","0","12/29/2025 3:09:10 PM"
"C:\Users\mespindola\Documents\HR-Audit_backup_20260102_121735\10-ADMINISTRATIVE-SUPPORT\Daily-Assignments","1","0","12/29/2025 2:37:04 PM"
"C:\Users\mespindola\Documents\HRM\.obsidian\plugins\obsidian-advanced-slides\plugin\elapsed-time-bar","1","0","12/17/2025 3:07:15 PM"
"C:\Users\mespindola\Documents\HR-Audit_backup_20260102_121735\SECURE-DATA","1","0","12/29/2025 11:14:08 AM"
"C:\Users\mespindola\Documents\HRM\copilot\copilot-custom-prompts","13","0","12/17/2025 3:06:43 PM"
"C:\Users\mespindola\Documents\HR-Audit_backup_20260102_121735\07-CITATIONS-BIBLIOGRAPHY","1","0","12/29/2025 11:00:33 AM"
"C:\Users\mespindola\Documents\HRM\PERSONNEL RECORD AUDIT PROJECT\00-CONFIGURATION","1","0","12/22/2025 4:20:02 PM"
"C:\Users\mespindola\Documents\HRM\PERSONNEL RECORD AUDIT PROJECT\.obsidian","5","0","12/22/2025 3:40:19 PM"
"C:\Users\mespindola\Documents\HR-Audit_backup_20260102_121735\09-TEMPLATES","2","0","12/29/2025 1:02:12 PM"
"C:\Users\mespindola\Documents\HR-Audit_backup_20260102_121735\Reports","1","0","12/29/2025 2:40:50 PM"
"C:\Users\mespindola\Documents\HRM\.smart-env\event_logs","1","0","12/29/2025 2:44:49 PM"
"C:\Users\mespindola\Documents\HRM\.smart-env\embedding_models","1","0","12/17/2025 3:07:27 PM"
"C:\Users\mespindola\Documents\HR-Audit_backup_20260102_121735\copilot\copilot-custom-prompts","13","0","12/30/2025 10:48:29 AM"
"C:\Users\mespindola\Documents\HR-Audit_OLD_20260102_122927\copilot\copilot-custom-prompts","13","0","12/30/2025 10:48:29 AM"
"C:\Users\mespindola\Documents\HR-Audit_OLD_20260102_122927\10-ADMINISTRATIVE-SUPPORT\HR-101-Training\Visual-Aids","2","0","12/29/2025 3:09:10 PM"
"C:\Users\mespindola\Documents\HR-Audit_OLD_20260102_122927\01-DASHBOARDS\Executive","1","0","12/29/2025 2:40:33 PM"
"C:\Users\mespindola\Documents\HRM\.smart-env","1","0","12/29/2025 11:44:39 AM"
"C:\Users\mespindola\Documents\HR-Audit_OLD_20260102_122927\03-POLICY-LIBRARY\Required-Policies","1","0","12/29/2025 11:00:32 AM"
"C:\Users\mespindola\Documents\HR-Audit_OLD_20260102_122927\03-POLICY-LIBRARY\Policy-Tracking","1","0","12/29/2025 11:00:32 AM"
"C:\Users\mespindola\Documents\HR-Audit_OLD_20260102_122927\10-ADMINISTRATIVE-SUPPORT\Progress-Tracking","1","0","12/29/2025 2:37:04 PM"
"C:\Users\mespindola\Documents\HR-Audit_OLD_20260102_122927\10-ADMINISTRATIVE-SUPPORT\Daily-Assignments","1","0","12/29/2025 2:37:04 PM"
"C:\Users\mespindola\Documents\HR-Audit_OLD_20260102_122927\SECURE-DATA","1","0","12/29/2025 11:14:08 AM"
"C:\Users\mespindola\Documents\HR-Audit_OLD_20260102_122927\00-PROJECT-OVERVIEW","1","0","1/2/2026 11:03:32 AM"
"C:\Users\mespindola\Documents\HR-Audit_OLD_20260102_122927\01-AUDIT-PLANNING","1","0","12/29/2025 2:40:05 PM"
"C:\Users\mespindola\Documents\HR-Audit_OLD_20260102_122927\.space","1","0","12/30/2025 10:49:24 AM"
"C:\Users\mespindola\Documents\HR-Audit_OLD_20260102_122927\.vscode","1","0","12/29/2025 11:00:29 AM"
"C:\Users\mespindola\Documents\HR-Audit_OLD_20260102_122927\09-TEMPLATES","2","0","12/29/2025 1:02:12 PM"
"C:\Users\mespindola\Documents\HR-Audit_OLD_20260102_122927\Reports","1","0","12/29/2025 2:40:50 PM"
"C:\Users\mespindola\Documents\HR-Audit_OLD_20260102_122927\03-POLICY-FRAMEWORK","1","0","12/29/2025 1:02:12 PM"
"C:\Users\mespindola\Documents\HR-Audit_OLD_20260102_122927\07-CITATIONS-BIBLIOGRAPHY","1","0","12/29/2025 11:00:33 AM"
"C:\Users\mespindola\Documents\Obsidian\InboxVault\Templates","2","0","1/8/2026 1:42:48 PM"
"C:\Users\mespindola\Documents\HR-Audit_backup_20260102_121735\.space","1","0","12/30/2025 10:49:24 AM"
"C:\Users\mespindola\Documents\obsidian-email-router\.venv\Lib\site-packages\pip","4","0","1/8/2026 1:42:20 PM"
"C:\Users\mespindola\Documents\obsidian-email-router\.venv","1","0","1/8/2026 1:42:16 PM"
"C:\Users\mespindola\Documents\HR-Audit_backup_20260102_121735\01-AUDIT-PLANNING","1","0","12/29/2025 2:40:05 PM"
"C:\Users\mespindola\Documents\HR-Audit_backup_20260102_121735\03-POLICY-FRAMEWORK","1","0","12/29/2025 1:02:12 PM"
"C:\Users\mespindola\Documents\HR-Audit_backup_20260102_121735\.vscode","1","0","12/29/2025 11:00:29 AM"
"C:\Users\mespindola\Documents\HR-Audit_backup_20260102_121735\00-PROJECT-OVERVIEW","1","0","1/2/2026 11:03:32 AM"
"C:\Users\mespindola\Documents\HR-Audit-BACKUP-20260102-110331\copilot\copilot-custom-prompts","13","0","12/30/2025 10:48:29 AM"
"C:\Users\mespindola\Documents\HR-Audit-BACKUP-20260102-110331\10-ADMINISTRATIVE-SUPPORT\Daily-Assignments","1","0","12/29/2025 2:37:04 PM"
"C:\Users\mespindola\Documents\obsidian-email-router\.venv\Lib\site-packages\pip\_internal\resolution\__pycache__","2","0","1/8/2026 1:42:23 PM"
"C:\Users\mespindola\Documents\HR-Audit-BACKUP-20260102-110331\03-POLICY-LIBRARY\Policy-Tracking","1","0","12/29/2025 11:00:32 AM"
"C:\Users\mespindola\Documents\HR-Audit-BACKUP-20260102-110331\03-POLICY-LIBRARY\Required-Policies","1","0","12/29/2025 11:00:32 AM"
"C:\Users\mespindola\Documents\HR-Audit-BACKUP-20260102-110331\10-ADMINISTRATIVE-SUPPORT\HR-101-Training\Visual-Aids","2","0","12/29/2025 3:09:10 PM"
"C:\Users\mespindola\Documents\obsidian-email-router\.venv\Lib\site-packages\pip\__pycache__","3","0","1/8/2026 1:42:20 PM"
"C:\Users\mespindola\Documents\HR-Audit-BACKUP-20260102-110331\10-ADMINISTRATIVE-SUPPORT\Progress-Tracking","1","0","12/29/2025 2:37:04 PM"
"C:\Users\mespindola\Documents\obsidian-email-router\.venv\Lib\site-packages\pip\_internal\resolution","2","0","1/8/2026 1:42:20 PM"
"C:\Users\mespindola\Documents\HRM\PERSONNEL RECORD AUDIT PROJECT\.obsidian\plugins","1","0","12/22/2025 4:07:36 PM"
"C:\Users\mespindola\Documents\HRM\PERSONNEL RECORD AUDIT PROJECT\07-REMEDIATION-PLANS","1","0","12/22/2025 4:20:02 PM"
"C:\Users\mespindola\Documents\HRM\PERSONNEL RECORD AUDIT PROJECT\06-GAP-ANALYSIS","1","0","12/22/2025 4:20:02 PM"
"C:\Users\mespindola\Documents\HRM\PERSONNEL RECORD AUDIT PROJECT\10-FINAL-DELIVERABLES","1","0","12/22/2025 4:20:02 PM"
"C:\Users\mespindola\Documents\HRM\PERSONNEL RECORD AUDIT PROJECT\08-LEGAL-COMPLIANCE","1","0","12/22/2025 4:20:02 PM"
"C:\Users\mespindola\Documents\HRM\PERSONNEL RECORD AUDIT PROJECT\03-TRACKING-DASHBOARDS","1","0","12/22/2025 4:20:02 PM"
"C:\Users\mespindola\Documents\HRM\PERSONNEL RECORD AUDIT PROJECT\02-AUDIT-CHECKLISTS","1","0","12/22/2025 4:20:02 PM"
"C:\Users\mespindola\Documents\HRM\PERSONNEL RECORD AUDIT PROJECT\05-REFERENCE-LIBRARY","1","0","12/22/2025 4:20:02 PM"
"C:\Users\mespindola\Documents\HRM\PERSONNEL RECORD AUDIT PROJECT\04-EMPLOYEE-FILES","1","0","12/22/2025 4:20:02 PM"
"C:\Users\mespindola\Documents\HRM\PERSONNEL RECORD AUDIT PROJECT\11-AI-PROMPTS","1","0","12/22/2025 4:20:02 PM"
"C:\Users\mespindola\Documents\HRM\PERSONNEL RECORD AUDIT PROJECT\17-VISUALIZATIONS","1","0","12/22/2025 4:20:02 PM"
"C:\Users\mespindola\Documents\HRM\PERSONNEL RECORD AUDIT PROJECT\16-TECHNICAL-DOCS","1","0","12/22/2025 4:20:02 PM"
"C:\Users\mespindola\Documents\HRM\PERSONNEL RECORD AUDIT PROJECT\19-RETENTION-SCHEDULES","1","0","12/22/2025 4:20:02 PM"
"C:\Users\mespindola\Documents\HRM\PERSONNEL RECORD AUDIT PROJECT\18-INCIDENT-RESPONSE","1","0","12/22/2025 4:20:02 PM"
"C:\Users\mespindola\Documents\HRM\PERSONNEL RECORD AUDIT PROJECT\13-EXTERNAL-RESOURCES","1","0","12/22/2025 4:20:02 PM"
"C:\Users\mespindola\Documents\HRM\PERSONNEL RECORD AUDIT PROJECT\12-TRAINING-MATERIALS","1","0","12/22/2025 4:20:02 PM"
"C:\Users\mespindola\Documents\HRM\PERSONNEL RECORD AUDIT PROJECT\15-ARCHIVE","1","0","12/22/2025 4:20:02 PM"
"C:\Users\mespindola\Documents\HRM\PERSONNEL RECORD AUDIT PROJECT\14-MEETING-NOTES","1","0","12/22/2025 4:20:02 PM"
